col0,col1,col2
0_0,0_1,0_2
1_0,1_1,1_2
2_0,2_1,2_2
3_0,3_1,3_2
4_0,4_1,4_2
5_0,5_1,5_2
6_0,6_1,6_2
7_0,7_1,7_2
8_0,8_1,8_2
9_0,9_1,9_2
10_0,10_1,10_2
11_0,11_1,11_2
12_0,12_1,12_2
13_0,13_1,13_2
14_0,14_1,14_2
15_0,15_1,15_2
16_0,16_1,16_2
17_0,17_1,17_2
18_0,18_1,18_2
19_0,19_1,19_2
20_0,20_1,20_2
21_0,21_1,21_2
22_0,22_1,22_2
23_0,23_1,23_2
24_0,24_1,24_2
25_0,25_1,25_2
26_0,26_1,26_2
27_0,27_1,27_2
28_0,28_1,28_2
29_0,29_1,29_2
30_0,30_1,30_2
31_0,31_1,31_2
32_0,32_1,32_2
33_0,33_1,33_2
34_0,34_1,34_2
35_0,35_1,35_2
36_0,36_1,36_2
37_0,37_1,37_2
38_0,38_1,38_2
39_0,39_1,39_2
40_0,40_1,40_2
41_0,41_1,41_2
42_0,42_1,42_2
43_0,43_1,43_2
44_0,44_1,44_2
45_0,45_1,45_2
46_0,46_1,46_2
47_0,47_1,47_2
48_0,48_1,48_2
49_0,49_1,49_2
